t,T_PAK,S_PAK,K_PAK,K_vs_S,K_vs_T
0,0.47155555555555556,0.44733333333333336,0.44733333333333336,0.0,-0.0242222222222222
2,0.44377777777777777,0.428,0.42866666666666664,0.0006666666666666488,-0.01511111111111113
4,0.4246666666666667,0.4137777777777778,0.4137777777777778,0.0,-0.010888888888888892
6,0.4011111111111111,0.3904444444444444,0.39244444444444443,0.0020000000000000018,-0.008666666666666656
8,0.37844444444444447,0.37066666666666664,0.37422222222222223,0.0035555555555555896,-0.004222222222222238
10,0.3626666666666667,0.3557777777777778,0.3595555555555556,0.003777777777777769,-0.00311111111111112
