t,T_rho,S_rho,K_rho,S_deg
0,0.9999999999999998,0.8697546370851317,0.8708502340357787,0.1302453629148681
2,0.9417846516594872,0.8280162663111833,0.8333423451757437,0.11376838534830391
4,0.8813282934103478,0.7724406043895137,0.7861155036396243,0.10888768902083412
6,0.8201860930283825,0.7140182943805257,0.7333113382636058,0.10616779864785686
8,0.7664418200392967,0.6658036555066827,0.6933813723474727,0.10063816453261398
10,0.7212004858542242,0.6243941559555296,0.6583472754770988,0.09680632989869464
