theta,val_pak_karat,val_pak_student
0.00048,0.8433,0.8383
0.00105,0.8428,0.8383
0.00172,0.8425,0.8383
0.00214,0.8422,0.8383
0.00338,0.8417,0.8383
0.00408,0.8414,0.8383
0.00545,0.8409,0.8383
0.00768,0.8406,0.8383
0.01136,0.8399,0.8383
